index,axis-0,axis-1,axis-2
0.0,30.0,88.1365794,54.39650486
